ATP,CO2,NH3,O2,ac,bm,glyc,glyox,hv,polyglc
0.0,-0.1095890410958904,0.0,0.0547945205479452,0.0,0.0,0.0,0.0547945205479452,-0.7808219178082192,0.0
0.0,-0.09523809523809523,0.0,0.09523809523809523,0.047619047619047616,0.0,0.0,0.0,-0.7619047619047619,0.0
0.0,-0.09237238949996085,-0.025129483211866466,0.09020847851452281,0.0,0.0020082700560909786,0.0,0.0,-0.790281378717559,0.0
0.0,0.0,0.0,0.0,0.0,0.0,0.0,0.0,-1.0,0.0
0.5,0.0,0.0,0.0,0.0,0.0,0.0,0.0,-0.5,0.0
,,,,,,,,,
0.0,-0.0967741935483871,0.0,0.0967741935483871,0.0,0.0,0.0,0.0,-0.7903225806451613,0.016129032258064516
0.0,-0.08,0.0,0.06,0.0,0.0,0.04,0.0,-0.82,0.0
